review_id,image_path,source_image_id,source_question,source_answer,source_dataset,original_v2_review_id,original_v2_proposed_class,original_v2_review_status,original_v2_review_label,original_v2_review_notes,original_v2_review_outcome,proposed_unseen_class,sha256,dhash,perceptual_group_id,source_or_independence_group,v2_train_overlap,v2_validation_overlap,v2_test_overlap,v2_exact_sha_overlap,v2_perceptual_group_overlap,overlap_validation_notes,eligibility_note,licence_status,review_status,review_label,review_notes
ULR-0001,data/raw/indian_traffic_vqa/traffic512final/img_0044.jpg,img_0044.jpg,What does the symbol represent?,Stop,Indian Traffic VQA Dataset B,V2-0479,stop,rejected,,Semantic mismatch: images show bus-stop/bus-bay signage rather than a standard STOP sign.,V2_rejected,bus_stop,5f8bc84c349c11e93dd517c82a11399649766e796712d9b7030a25d9c1a87a13,b032366c0333e60d,group_0044,group_0044,no,no,no,no,no,"zero source-image, perceptual-group, and exact-SHA overlap with frozen V2",The prior STOP rejection is not reused as approval. The image visually depicts a bus-stop or bus-bay sign and requires a new decision.,pending_curator_confirmation,pending,,
ULR-0002,data/raw/indian_traffic_vqa/traffic512final/img_0056.jpg,img_0056.jpg,What does the symbol represent?,Stop,Indian Traffic VQA Dataset B,V2-0480,stop,rejected,,Semantic mismatch: images show bus-stop/bus-bay signage rather than a standard STOP sign.,V2_rejected,bus_stop,b6bdfd2e75fde5480971f93c9f2ee4f00d7770daafed8c339528bcba401842d4,8050594821050b3f,group_0056,group_0056,no,no,no,no,no,"zero source-image, perceptual-group, and exact-SHA overlap with frozen V2",The prior STOP rejection is not reused as approval. The image visually depicts a bus-stop or bus-bay sign and requires a new decision.,pending_curator_confirmation,pending,,
ULR-0003,data/raw/indian_traffic_vqa/traffic512final/img_0057.jpg,img_0057.jpg,What does the symbol represent?,Stop,Indian Traffic VQA Dataset B,V2-0481,stop,rejected,,Semantic mismatch: images show bus-stop/bus-bay signage rather than a standard STOP sign.,V2_rejected,bus_stop,3d1d2c0d28f19933dbb636267c847c95c33e5181e55aafa5acd39a91996acd08,ca1ececc8e1c6201,group_0057,group_0057,no,no,no,no,no,"zero source-image, perceptual-group, and exact-SHA overlap with frozen V2",The prior STOP rejection is not reused as approval. The image visually depicts a bus-stop or bus-bay sign and requires a new decision.,pending_curator_confirmation,pending,,
ULR-0004,data/raw/indian_traffic_vqa/traffic512final/img_0198.jpg,img_0198.jpg,What does the symbol represent?,Stop,Indian Traffic VQA Dataset B,V2-0482,stop,rejected,,Semantic mismatch: images show bus-stop/bus-bay signage rather than a standard STOP sign.,V2_rejected,bus_stop,06f5f0cd38d5f4f2536d6a0518332eb236f45f8d76ee1517df6f25dfc1c0d74f,c9129d9f98d46e94,group_0193,group_0193,no,no,no,no,no,"zero source-image, perceptual-group, and exact-SHA overlap with frozen V2",The prior STOP rejection is not reused as approval. The image visually depicts a bus-stop or bus-bay sign and requires a new decision.,pending_curator_confirmation,pending,,
ULR-0005,data/raw/indian_traffic_vqa/traffic512final/img_0221.jpg,img_0221.jpg,What does the symbol represent?,Stop,Indian Traffic VQA Dataset B,V2-0483,stop,rejected,,Semantic mismatch: images show bus-stop/bus-bay signage rather than a standard STOP sign.,V2_rejected,bus_stop,5a4d257b1eff076d310358bc2d199dfe2c3197da59f78f855ddeeae8a395e4f2,83986e671403718b,group_0215,group_0215,no,no,no,no,no,"zero source-image, perceptual-group, and exact-SHA overlap with frozen V2",The prior STOP rejection is not reused as approval. The image visually depicts a bus-stop or bus-bay sign and requires a new decision.,pending_curator_confirmation,pending,,
ULR-0006,data/raw/indian_traffic_vqa/traffic512final/img_0240.jpg,img_0240.jpg,What does the symbol represent?,Stop,Indian Traffic VQA Dataset B,V2-0484,stop,rejected,,Semantic mismatch: images show bus-stop/bus-bay signage rather than a standard STOP sign.,V2_rejected,bus_stop,a909854d89613f7c73c1cb59f930418c341e80701e087b65f9db2d1d0f4bf1c7,4008b9d94e666108,group_0234,group_0234,no,no,no,no,no,"zero source-image, perceptual-group, and exact-SHA overlap with frozen V2",The prior STOP rejection is not reused as approval. The image visually depicts a bus-stop or bus-bay sign and requires a new decision.,pending_curator_confirmation,pending,,
ULR-0007,data/raw/indian_traffic_vqa/traffic512final/img_0241.jpg,img_0241.jpg,What does the symbol represent?,Stop,Indian Traffic VQA Dataset B,V2-0485,stop,rejected,,Semantic mismatch: images show bus-stop/bus-bay signage rather than a standard STOP sign.,V2_rejected,bus_stop,7634ab9c424b4fe8b0e18f235acacfb52be40c9a1e73cefda7e7bdde2da7c8bf,4c8631a112a92adc,group_0235,group_0235,no,no,no,no,no,"zero source-image, perceptual-group, and exact-SHA overlap with frozen V2",The prior STOP rejection is not reused as approval. The image visually depicts a bus-stop or bus-bay sign and requires a new decision.,pending_curator_confirmation,pending,,
ULR-0008,data/raw/indian_traffic_vqa/traffic512final/img_0321.jpg,img_0321.jpg,What does the symbol represent?,Stop,Indian Traffic VQA Dataset B,V2-0486,stop,rejected,,Semantic mismatch: images show bus-stop/bus-bay signage rather than a standard STOP sign.,V2_rejected,bus_stop,d1167f2d25b9cefbcd5de7689989afc90c200814b9bcdbd043dd99fb3589470b,3d6f988b00881060,group_0315,group_0315,no,no,no,no,no,"zero source-image, perceptual-group, and exact-SHA overlap with frozen V2",The prior STOP rejection is not reused as approval. The image visually depicts a bus-stop or bus-bay sign and requires a new decision.,pending_curator_confirmation,pending,,
ULR-0009,data/raw/indian_traffic_vqa/traffic512final/img_0346.jpg,img_0346.jpg,What does the symbol represent?,Stop,Indian Traffic VQA Dataset B,V2-0487,stop,rejected,,Semantic mismatch: images show bus-stop/bus-bay signage rather than a standard STOP sign.,V2_rejected,bus_stop,7dcb0953369fca6db4aad474026b60dfcd6d0b978b909ac22e186662b5e146cd,464d0b2a1b7e1872,group_0336,group_0336,no,no,no,no,no,"zero source-image, perceptual-group, and exact-SHA overlap with frozen V2",The prior STOP rejection is not reused as approval. The image visually depicts a bus-stop or bus-bay sign and requires a new decision.,pending_curator_confirmation,pending,,
ULR-0010,data/raw/indian_traffic_vqa/traffic512final/img_0350.jpg,img_0350.jpg,What does the symbol represent?,Stop,Indian Traffic VQA Dataset B,V2-0488,stop,rejected,,Semantic mismatch: images show bus-stop/bus-bay signage rather than a standard STOP sign.,V2_rejected,bus_stop,f1b723560b6678cf89b1d1ee3a3e08cf399fbaea985e302f51bf1048129a758f,1b1b706000083202,group_0340,group_0340,no,no,no,no,no,"zero source-image, perceptual-group, and exact-SHA overlap with frozen V2",The prior STOP rejection is not reused as approval. The image visually depicts a bus-stop or bus-bay sign and requires a new decision.,pending_curator_confirmation,pending,,
ULR-0011,data/raw/indian_traffic_vqa/traffic512final/img_0352.jpg,img_0352.jpg,What does the symbol represent?,Stop,Indian Traffic VQA Dataset B,V2-0489,stop,rejected,,Semantic mismatch: images show bus-stop/bus-bay signage rather than a standard STOP sign.,V2_rejected,bus_stop,72670a7984281c9495023482dcdce3c3d8dd5c9feeb403bb15774a345abff8c7,811494d6480e3313,group_0342,group_0342,no,no,no,no,no,"zero source-image, perceptual-group, and exact-SHA overlap with frozen V2",The prior STOP rejection is not reused as approval. The image visually depicts a bus-stop or bus-bay sign and requires a new decision.,pending_curator_confirmation,pending,,
ULR-0012,data/raw/indian_traffic_vqa/traffic512final/img_0354.jpg,img_0354.jpg,What does the symbol represent?,Stop,Indian Traffic VQA Dataset B,V2-0490,stop,rejected,,Semantic mismatch: images show bus-stop/bus-bay signage rather than a standard STOP sign.,V2_rejected,bus_stop,10c73f96ca593167e18fa99b3f60d8640be81ac5fdd9db3e6c86f3df0ebce7ea,392c54d105191b25,group_0344,group_0344,no,no,no,no,no,"zero source-image, perceptual-group, and exact-SHA overlap with frozen V2",The prior STOP rejection is not reused as approval. The image visually depicts a bus-stop or bus-bay sign and requires a new decision.,pending_curator_confirmation,pending,,
ULR-0013,data/raw/indian_traffic_vqa/traffic512final/img_0391.jpg,img_0391.jpg,What does the symbol represent?,Stop,Indian Traffic VQA Dataset B,V2-0491,stop,rejected,,Semantic mismatch: images show bus-stop/bus-bay signage rather than a standard STOP sign.,V2_rejected,bus_stop,d1556f01f8c27eba23225df75ea511b6de3b0795f143a58e758131a188620175,3d6f988b00881060,group_0315,group_0315,no,no,no,no,no,"zero source-image, perceptual-group, and exact-SHA overlap with frozen V2",The prior STOP rejection is not reused as approval. The image visually depicts a bus-stop or bus-bay sign and requires a new decision.,pending_curator_confirmation,pending,,
ULR-0014,data/raw/indian_traffic_vqa/traffic512final/img_0397.jpg,img_0397.jpg,What does the symbol represent?,Stop,Indian Traffic VQA Dataset B,V2-0492,stop,rejected,,Semantic mismatch: images show bus-stop/bus-bay signage rather than a standard STOP sign.,V2_rejected,bus_stop,e9266349dc3d17153044e3a197de8fb712e133a90a68ab668d72211a586cc281,07071898c0802204,group_0370,group_0370,no,no,no,no,no,"zero source-image, perceptual-group, and exact-SHA overlap with frozen V2",The prior STOP rejection is not reused as approval. The image visually depicts a bus-stop or bus-bay sign and requires a new decision.,pending_curator_confirmation,pending,,
ULR-0015,data/raw/indian_traffic_vqa/traffic512final/img_0402.jpg,img_0402.jpg,What does the symbol represent?,Stop,Indian Traffic VQA Dataset B,V2-0493,stop,rejected,,Semantic mismatch: images show bus-stop/bus-bay signage rather than a standard STOP sign.,V2_rejected,bus_stop,784296357ee201869543b9e7fbed6eaf7ecd3bb48612c17a9b52892a6996e34a,262660212e182005,group_0373,group_0373,no,no,no,no,no,"zero source-image, perceptual-group, and exact-SHA overlap with frozen V2",The prior STOP rejection is not reused as approval. The image visually depicts a bus-stop or bus-bay sign and requires a new decision.,pending_curator_confirmation,pending,,
ULR-0016,data/raw/indian_traffic_vqa/traffic512final/img_0408.jpg,img_0408.jpg,What does the symbol represent?,Stop,Indian Traffic VQA Dataset B,V2-0494,stop,rejected,,Semantic mismatch: images show bus-stop/bus-bay signage rather than a standard STOP sign.,V2_rejected,bus_stop,4c9bdb5c0e4a1ba11382a82678686431ef5637c67b3372063c71783ac6c1fc2b,811494d6400e3313,group_0342,group_0342,no,no,no,no,no,"zero source-image, perceptual-group, and exact-SHA overlap with frozen V2",The prior STOP rejection is not reused as approval. The image visually depicts a bus-stop or bus-bay sign and requires a new decision.,pending_curator_confirmation,pending,,
ULR-0017,data/raw/indian_traffic_vqa/traffic512final/img_0412.jpg,img_0412.jpg,What does the symbol represent?,Stop,Indian Traffic VQA Dataset B,V2-0495,stop,rejected,,Semantic mismatch: images show bus-stop/bus-bay signage rather than a standard STOP sign.,V2_rejected,bus_stop,31bb669dfec2b05aae842e29f2f0eaf5792ff0c1c75270ae475d86eb1d69b94a,07071898c0802204,group_0370,group_0370,no,no,no,no,no,"zero source-image, perceptual-group, and exact-SHA overlap with frozen V2",The prior STOP rejection is not reused as approval. The image visually depicts a bus-stop or bus-bay sign and requires a new decision.,pending_curator_confirmation,pending,,
ULR-0018,data/raw/indian_traffic_vqa/traffic512final/img_0413.jpg,img_0413.jpg,What does the symbol represent?,Stop,Indian Traffic VQA Dataset B,V2-0496,stop,rejected,,Semantic mismatch: images show bus-stop/bus-bay signage rather than a standard STOP sign.,V2_rejected,bus_stop,abddc02b1b799f4f022beb080150c9d8654cb9e2b4f91e6dccaf5460158ff6c8,1b1b706000083202,group_0340,group_0340,no,no,no,no,no,"zero source-image, perceptual-group, and exact-SHA overlap with frozen V2",The prior STOP rejection is not reused as approval. The image visually depicts a bus-stop or bus-bay sign and requires a new decision.,pending_curator_confirmation,pending,,
ULR-0019,data/raw/indian_traffic_vqa/traffic512final/img_0424.jpg,img_0424.jpg,What does the symbol represent?,Stop,Indian Traffic VQA Dataset B,V2-0497,stop,rejected,,Semantic mismatch: images show bus-stop/bus-bay signage rather than a standard STOP sign.,V2_rejected,bus_stop,fca7845c78f721c9342fc8493cbb829566868a908e0e7149fa56becd00e38870,262660212e182005,group_0373,group_0373,no,no,no,no,no,"zero source-image, perceptual-group, and exact-SHA overlap with frozen V2",The prior STOP rejection is not reused as approval. The image visually depicts a bus-stop or bus-bay sign and requires a new decision.,pending_curator_confirmation,pending,,
ULR-0020,data/raw/indian_traffic_vqa/traffic512final/img_0497.jpg,img_0497.jpg,What does the symbol represent?,Stop,Indian Traffic VQA Dataset B,V2-0498,stop,rejected,,Semantic mismatch: images show bus-stop/bus-bay signage rather than a standard STOP sign.,V2_rejected,bus_stop,53f1fef09ab608738d3fd7b480c57fc99841ec7a8a78fb98676fcbaf99237337,ac61f0da1a18c040,group_0431,group_0431,no,no,no,no,no,"zero source-image, perceptual-group, and exact-SHA overlap with frozen V2",The prior STOP rejection is not reused as approval. The image visually depicts a bus-stop or bus-bay sign and requires a new decision.,pending_curator_confirmation,pending,,
ULR-0021,data/raw/indian_traffic_vqa/traffic512final/img_0509.jpg,img_0509.jpg,What does the symbol represent?,Stop,Indian Traffic VQA Dataset B,V2-0499,stop,rejected,,Semantic mismatch: images show bus-stop/bus-bay signage rather than a standard STOP sign.,V2_rejected,bus_stop,d55e1bdcb881ac03d833aa4293c5b407bfdc9ba011394cbdf0b58e44b3126d58,fec180d0642c2068,group_0443,group_0443,no,no,no,no,no,"zero source-image, perceptual-group, and exact-SHA overlap with frozen V2",The prior STOP rejection is not reused as approval. The image visually depicts a bus-stop or bus-bay sign and requires a new decision.,pending_curator_confirmation,pending,,
ULR-0022,data/raw/indian_traffic_vqa/traffic512final/img_0515.jpg,img_0515.jpg,What does the symbol represent?,Stop,Indian Traffic VQA Dataset B,V2-0500,stop,rejected,,Semantic mismatch: images show bus-stop/bus-bay signage rather than a standard STOP sign.,V2_rejected,bus_stop,1604a6470bdf101608983fcc2bebfbe54a571791fe56ab723e849fa6b039b707,21191c23b1a81636,group_0449,group_0449,no,no,no,no,no,"zero source-image, perceptual-group, and exact-SHA overlap with frozen V2",The prior STOP rejection is not reused as approval. The image visually depicts a bus-stop or bus-bay sign and requires a new decision.,pending_curator_confirmation,pending,,
ULR-0023,data/raw/indian_traffic_vqa/traffic512final/img_0523.jpg,img_0523.jpg,What does the symbol represent?,Stop,Indian Traffic VQA Dataset B,V2-0501,stop,rejected,,Semantic mismatch: images show bus-stop/bus-bay signage rather than a standard STOP sign.,V2_rejected,bus_stop,725b537bc60ee49a24b59eebd6971e5dace1b5f5f30e8d8de488bfd095e5de08,203371d9c8231048,group_0457,group_0457,no,no,no,no,no,"zero source-image, perceptual-group, and exact-SHA overlap with frozen V2",The prior STOP rejection is not reused as approval. The image visually depicts a bus-stop or bus-bay sign and requires a new decision.,pending_curator_confirmation,pending,,
ULR-0024,data/raw/indian_traffic_vqa/traffic512final/img_0572.jpg,img_0572.jpg,What does the symbol represent?,Stop,Indian Traffic VQA Dataset B,V2-0502,stop,rejected,,Semantic mismatch: images show bus-stop/bus-bay signage rather than a standard STOP sign.,V2_rejected,bus_stop,6ddc625d6b63832fe952e72b84df8818e023266d2e7957a22f8ec25f09cb788e,a060602043002a08,group_0506,group_0506,no,no,no,no,no,"zero source-image, perceptual-group, and exact-SHA overlap with frozen V2",The prior STOP rejection is not reused as approval. The image visually depicts a bus-stop or bus-bay sign and requires a new decision.,pending_curator_confirmation,pending,,
ULR-0025,data/raw/indian_traffic_vqa/traffic512final/img_0612.jpg,img_0612.jpg,What does the symbol represent?,Stop,Indian Traffic VQA Dataset B,V2-0503,stop,rejected,,Semantic mismatch: images show bus-stop/bus-bay signage rather than a standard STOP sign.,V2_rejected,bus_stop,f545bd38bce9ebbd68c370c1272ca32424214da36cea7892b8ce0f8ff3ea6093,99c1a2f2c584441a,group_0546,group_0546,no,no,no,no,no,"zero source-image, perceptual-group, and exact-SHA overlap with frozen V2",The prior STOP rejection is not reused as approval. The image visually depicts a bus-stop or bus-bay sign and requires a new decision.,pending_curator_confirmation,pending,,
ULR-0026,data/raw/indian_traffic_vqa/traffic512final/img_0630.jpg,img_0630.jpg,What does the symbol represent?,Stop,Indian Traffic VQA Dataset B,V2-0504,stop,rejected,,Semantic mismatch: images show bus-stop/bus-bay signage rather than a standard STOP sign.,V2_rejected,bus_stop,43460cd6a96a8614d7cd5794bfa52b4a75c6ed30d030413360c85d92bf3ed248,431c180123001470,group_0564,group_0564,no,no,no,no,no,"zero source-image, perceptual-group, and exact-SHA overlap with frozen V2",The prior STOP rejection is not reused as approval. The image visually depicts a bus-stop or bus-bay sign and requires a new decision.,pending_curator_confirmation,pending,,
ULR-0027,data/raw/indian_traffic_vqa/traffic512final/img_0651.jpg,img_0651.jpg,What does the symbol represent?,Stop,Indian Traffic VQA Dataset B,V2-0505,stop,rejected,,Semantic mismatch: images show bus-stop/bus-bay signage rather than a standard STOP sign.,V2_rejected,bus_stop,3390ddc00b188801e60b06926a95872441b6da31ffc6b409b2a96cdc2064f329,e22bf939f313ccec,group_0585,group_0585,no,no,no,no,no,"zero source-image, perceptual-group, and exact-SHA overlap with frozen V2",The prior STOP rejection is not reused as approval. The image visually depicts a bus-stop or bus-bay sign and requires a new decision.,pending_curator_confirmation,pending,,
ULR-0028,data/raw/indian_traffic_vqa/traffic512final/img_0655.jpg,img_0655.jpg,What does the symbol represent?,Stop,Indian Traffic VQA Dataset B,V2-0506,stop,rejected,,Semantic mismatch: images show bus-stop/bus-bay signage rather than a standard STOP sign.,V2_rejected,bus_stop,5b1c190a21ad86d06008b7058fd93e3775f4a0bf54fbf07bdb15c93ea465d028,706264068038b4e4,group_0589,group_0589,no,no,no,no,no,"zero source-image, perceptual-group, and exact-SHA overlap with frozen V2",The prior STOP rejection is not reused as approval. The image visually depicts a bus-stop or bus-bay sign and requires a new decision.,pending_curator_confirmation,pending,,
ULR-0029,data/raw/indian_traffic_vqa/traffic512final/img_0671.jpg,img_0671.jpg,What does the symbol represent?,Stop,Indian Traffic VQA Dataset B,V2-0507,stop,rejected,,Semantic mismatch: images show bus-stop/bus-bay signage rather than a standard STOP sign.,V2_rejected,bus_stop,6d6169fcc5a008f7f3cb51cc9481ad7b60bb64a48848085ab15afca030fd6dd9,c6391981ce8b3232,group_0605,group_0605,no,no,no,no,no,"zero source-image, perceptual-group, and exact-SHA overlap with frozen V2",The prior STOP rejection is not reused as approval. The image visually depicts a bus-stop or bus-bay sign and requires a new decision.,pending_curator_confirmation,pending,,
ULR-0030,data/raw/indian_traffic_vqa/traffic512final/img_0691.jpg,img_0691.jpg,What does the symbol represent?,Stop,Indian Traffic VQA Dataset B,V2-0508,stop,rejected,,Semantic mismatch: images show bus-stop/bus-bay signage rather than a standard STOP sign.,V2_rejected,bus_stop,9cb79535bf0d8d53113df08353a6a31c5f613b5a8f3a5170d23864a5d59e1551,0f33bc9437bcc408,group_0625,group_0625,no,no,no,no,no,"zero source-image, perceptual-group, and exact-SHA overlap with frozen V2",The prior STOP rejection is not reused as approval. The image visually depicts a bus-stop or bus-bay sign and requires a new decision.,pending_curator_confirmation,pending,,
ULR-0031,data/raw/indian_traffic_vqa/traffic512final/img_0802.jpg,img_0802.jpg,What does the symbol represent?,Stop,Indian Traffic VQA Dataset B,V2-0509,stop,rejected,,Semantic mismatch: images show bus-stop/bus-bay signage rather than a standard STOP sign.,V2_rejected,bus_stop,3a8c1aab20f9cad09a5ed25e696727f4954edd261a6cd3ca2162e6836d601de7,1e16157a00076409,group_0725,group_0725,no,no,no,no,no,"zero source-image, perceptual-group, and exact-SHA overlap with frozen V2",The prior STOP rejection is not reused as approval. The image visually depicts a bus-stop or bus-bay sign and requires a new decision.,pending_curator_confirmation,pending,,
ULR-0032,data/raw/indian_traffic_vqa/traffic512final/img_0861.jpg,img_0861.jpg,What does the symbol represent?,Stop,Indian Traffic VQA Dataset B,V2-0510,stop,rejected,,Semantic mismatch: images show bus-stop/bus-bay signage rather than a standard STOP sign.,V2_rejected,bus_stop,6e6326ea8415695790754e989b416027e0bf983b731619ecec666514908150db,34660a8878870000,group_0784,group_0784,no,no,no,no,no,"zero source-image, perceptual-group, and exact-SHA overlap with frozen V2",The prior STOP rejection is not reused as approval. The image visually depicts a bus-stop or bus-bay sign and requires a new decision.,pending_curator_confirmation,pending,,
ULR-0033,data/raw/indian_traffic_vqa/traffic512final/img_0972.jpg,img_0972.jpg,What does the symbol represent?,Stop,Indian Traffic VQA Dataset B,V2-0511,stop,rejected,,Semantic mismatch: images show bus-stop/bus-bay signage rather than a standard STOP sign.,V2_rejected,bus_stop,0071f1e0fbdabff6f70b41e27ca200ec5a6af91a801016cf0f0bef72278edb1c,7eb094b0067372cc,group_0892,group_0892,no,no,no,no,no,"zero source-image, perceptual-group, and exact-SHA overlap with frozen V2",The prior STOP rejection is not reused as approval. The image visually depicts a bus-stop or bus-bay sign and requires a new decision.,pending_curator_confirmation,pending,,
ULR-0034,data/raw/indian_traffic_vqa/traffic512final/img_0986.jpg,img_0986.jpg,What does the symbol represent?,Stop,Indian Traffic VQA Dataset B,V2-0512,stop,rejected,,Semantic mismatch: images show bus-stop/bus-bay signage rather than a standard STOP sign.,V2_rejected,bus_stop,9f22df76b3dfacab89e9301b881ba1c28ffcf5d800ad54eb36e1fa3cba5a7f70,10019169c604799c,group_0906,group_0906,no,no,no,no,no,"zero source-image, perceptual-group, and exact-SHA overlap with frozen V2",The prior STOP rejection is not reused as approval. The image visually depicts a bus-stop or bus-bay sign and requires a new decision.,pending_curator_confirmation,pending,,
ULR-0035,data/raw/indian_traffic_vqa/traffic512final/img_1048.jpg,img_1048.jpg,What does the symbol represent?,Stop,Indian Traffic VQA Dataset B,V2-0513,stop,rejected,,Semantic mismatch: images show bus-stop/bus-bay signage rather than a standard STOP sign.,V2_rejected,bus_stop,6d3ac1b58b23791837a2a1685698af61efcb44d1835f56ff206c48c6ff175697,b38eced6e9cdf2d2,group_0968,group_0968,no,no,no,no,no,"zero source-image, perceptual-group, and exact-SHA overlap with frozen V2",The prior STOP rejection is not reused as approval. The image visually depicts a bus-stop or bus-bay sign and requires a new decision.,pending_curator_confirmation,pending,,
ULR-0036,data/raw/indian_traffic_vqa/traffic512final/img_1064.jpg,img_1064.jpg,What does the symbol represent?,Stop,Indian Traffic VQA Dataset B,V2-0514,stop,rejected,,Semantic mismatch: images show bus-stop/bus-bay signage rather than a standard STOP sign.,V2_rejected,bus_stop,c8145da57b76fd1bf07770b66de726bf4143986db5c8be95071e077e303ba3a5,1826e6671418f380,group_0983,group_0983,no,no,no,no,no,"zero source-image, perceptual-group, and exact-SHA overlap with frozen V2",The prior STOP rejection is not reused as approval. The image visually depicts a bus-stop or bus-bay sign and requires a new decision.,pending_curator_confirmation,pending,,
ULR-0037,data/raw/indian_traffic_vqa/traffic512final/img_0579.jpg,img_0579.jpg,What does this traffic sign indicate?,No left Turn,Indian Traffic VQA Dataset B,,no_left_turn,excluded_before_v2_review,,,class_below_viability_threshold,no_left_turn,30c659a91672fffd1e3717dec855e9f5e34b73950856a735ed0825006c4d6126,e3f2d2e4c7196896,group_0513,group_0513,no,no,no,no,no,"zero source-image, perceptual-group, and exact-SHA overlap with frozen V2",Clear circular no-left-turn sign; requires a new unseen-class decision.,pending_curator_confirmation,pending,,
ULR-0038,data/raw/indian_traffic_vqa/traffic512final/img_1021.jpg,img_1021.jpg,What does this traffic sign indicate?,No left turn,Indian Traffic VQA Dataset B,,no_left_turn,excluded_before_v2_review,,,class_below_viability_threshold,no_left_turn,4e434bf47c425f37f7bb56490414bfb05e0fead734b87b67546d9f063529f098,944222c945fdfbf7,group_0941,group_0941,no,no,no,no,no,"zero source-image, perceptual-group, and exact-SHA overlap with frozen V2",Distant but visible no-left-turn sign; requires a new unseen-class decision.,pending_curator_confirmation,pending,,
ULR-0039,data/raw/indian_traffic_vqa/traffic512final/img_0786.jpg,img_0786.jpg,What does this traffic sign indicate?,No Parking,Indian Traffic VQA Dataset B,,no_parking,excluded_before_v2_review,,,class_below_viability_threshold,no_parking,3d571d5520faf2244de408283ec1738a7a718910013d89e93c8d5d6a2af1142b,0f9f2b17870f0f2b,group_0709,manual_source_group_no_parking_roadside_01,no,no,no,no,no,"zero source-image, perceptual-group, and exact-SHA overlap with frozen V2",Visible no-parking sign; conservatively grouped with img_0812.jpg.,pending_curator_confirmation,pending,,
ULR-0040,data/raw/indian_traffic_vqa/traffic512final/img_0812.jpg,img_0812.jpg,What does this traffic sign indicate?,No Parking,Indian Traffic VQA Dataset B,,no_parking,excluded_before_v2_review,,,class_below_viability_threshold,no_parking,f666155a60a15caf225a471d7328bed55cb47f0260c0c97e6145973e15533860,1e9f43270f8f2f4f,group_0735,manual_source_group_no_parking_roadside_01,no,no,no,no,no,"zero source-image, perceptual-group, and exact-SHA overlap with frozen V2",Visible no-parking sign; conservatively grouped with img_0786.jpg.,pending_curator_confirmation,pending,,
ULR-0041,data/raw/indian_traffic_vqa/traffic512final/img_0816.jpg,img_0816.jpg,What does this traffic sign indicate?,No Parking,Indian Traffic VQA Dataset B,,no_parking,excluded_before_v2_review,,,class_below_viability_threshold,no_parking,fc1250fb5ba89026efee17d77f447ebbd9d3fcf8d03ee3be7b3927a79494e416,3874edece0031fff,group_0739,group_0739,no,no,no,no,no,"zero source-image, perceptual-group, and exact-SHA overlap with frozen V2",Visible no-parking sign in a separate roadside scene.,pending_curator_confirmation,pending,,
ULR-0042,data/raw/indian_traffic_vqa/traffic512final/img_0970.jpg,img_0970.jpg,What does this traffic sign indicate?,No Parking,Indian Traffic VQA Dataset B,,no_parking,excluded_before_v2_review,,,class_below_viability_threshold,no_parking,36d145527053a76d77591f9720b194512d8d7b305084a8f332552f14c688b70d,6614900effa88eb3,group_0890,group_0890,no,no,no,no,no,"zero source-image, perceptual-group, and exact-SHA overlap with frozen V2",Police no-parking board; visually eligible but stylistically non-standard.,pending_curator_confirmation,pending,,
ULR-0043,data/raw/indian_traffic_vqa/traffic512final/img_1016.jpg,img_1016.jpg,What does this traffic sign indicate?,No Parking,Indian Traffic VQA Dataset B,,no_parking,excluded_before_v2_review,,,class_below_viability_threshold,no_parking,7c99312702fd45b6f698e4abd125d29245afec4302d46591eba427151499bd99,c8c4e55100fff14f,group_0936,group_0936,no,no,no,no,no,"zero source-image, perceptual-group, and exact-SHA overlap with frozen V2",Visible no-parking regulatory sign in a distinct scene.,pending_curator_confirmation,pending,,
