image_id,source_question,source_answer,reason,proposed_label
img_0001.jpg,What is ahead according to the traffic sign?,Barrier,unsupported_or_ambiguous_identity_answer,
img_0002.jpg,What does this traffic sign indicate?,Barrier,unsupported_or_ambiguous_identity_answer,
img_0005.jpg,What does this traffic sign indicate?,Bend,unsupported_or_ambiguous_identity_answer,
img_0006.jpg,,,no_direct_identity_question,
img_0007.jpg,,,no_direct_identity_question,
img_0008.jpg,,,no_direct_identity_question,
img_0009.jpg,,,no_direct_identity_question,
img_0010.jpg,,,no_direct_identity_question,
img_0012.jpg,,,no_direct_identity_question,
img_0013.jpg,,,no_direct_identity_question,
img_0014.jpg,What does this traffic sign indicate?,Start of Dual Carriageway,unsupported_or_ambiguous_identity_answer,
img_0015.jpg,,,no_direct_identity_question,
img_0016.jpg,,,no_direct_identity_question,
img_0019.jpg,,,no_direct_identity_question,
img_0020.jpg,What does a red triangle traffic signal with a cross mean?,Crossroad,unsupported_or_ambiguous_identity_answer,
img_0022.jpg,what does this traffic sign indicate?,Side road left,class_below_viability_threshold,side_road_left
img_0023.jpg,,,no_direct_identity_question,
img_0024.jpg,,,no_direct_identity_question,
img_0025.jpg,,,no_direct_identity_question,
img_0026.jpg,,,no_direct_identity_question,
img_0027.jpg,,,no_direct_identity_question,
img_0028.jpg,,,no_direct_identity_question,
img_0029.jpg,,,no_direct_identity_question,
img_0030.jpg,,,no_direct_identity_question,
img_0031.jpg,,,no_direct_identity_question,
img_0033.jpg,,,no_direct_identity_question,
img_0034.jpg,,,no_direct_identity_question,
img_0036.jpg,,,no_direct_identity_question,
img_0039.jpg,,,no_direct_identity_question,
img_0040.jpg,,,no_direct_identity_question,
img_0041.jpg,,,no_direct_identity_question,
img_0042.jpg,,,no_direct_identity_question,
img_0043.jpg,,,no_direct_identity_question,
img_0045.jpg,,,no_direct_identity_question,
img_0046.jpg,,,no_direct_identity_question,
img_0047.jpg,,,no_direct_identity_question,
img_0048.jpg,,,no_direct_identity_question,
img_0052.jpg,What does this traffic sign indicate?,End of Dual Carriageway,unsupported_or_ambiguous_identity_answer,
img_0053.jpg,What does this traffic sign indicate?,End of Dual Carriageway,unsupported_or_ambiguous_identity_answer,
img_0055.jpg,,,no_direct_identity_question,
img_0058.jpg,What does this traffic sign indicate?,Junction,unsupported_or_ambiguous_identity_answer,
img_0059.jpg,,,no_direct_identity_question,
img_0060.jpg,,,no_direct_identity_question,
img_0061.jpg,,,no_direct_identity_question,
img_0062.jpg,,,no_direct_identity_question,
img_0065.jpg,What does this traffic sign indicate?,Toilets and Drinking Water facilities ahead,unsupported_or_ambiguous_identity_answer,
img_0069.jpg,What does this traffic sign indicate?,Toilets and Drinking Water facilities ahead,unsupported_or_ambiguous_identity_answer,
img_0070.jpg,What does this traffic sign indicate?,Toilets and Drinking Water facilities ahead,unsupported_or_ambiguous_identity_answer,
img_0074.jpg,What does this traffic sign indicate?,Toilet Facility ahead,unsupported_or_ambiguous_identity_answer,
img_0075.jpg,What does this traffic sign indicate?,Toilet Facility ahead,unsupported_or_ambiguous_identity_answer,
img_0080.jpg,What does this traffic sign indicate?,Entry,unsupported_or_ambiguous_identity_answer,
img_0081.jpg,What does this traffic sign indicate?,Entry,unsupported_or_ambiguous_identity_answer,
img_0082.jpg,,,no_direct_identity_question,
img_0083.jpg,what does this traffic sign indicate?,Speed Limit,class_below_viability_threshold,maximum_speed_limit_65_km_h
img_0089.jpg,what does this traffic sign indicate?,Speed Limit,class_below_viability_threshold,maximum_speed_limit_65_km_h
img_0090.jpg,,,no_direct_identity_question,
img_0092.jpg,What does this traffic sign indicate?,Dircetion,unsupported_or_ambiguous_identity_answer,
img_0093.jpg,What does this traffic sign indicate?,Dircetion,unsupported_or_ambiguous_identity_answer,
img_0095.jpg,What does this traffic sign indicate?,Dircetion,unsupported_or_ambiguous_identity_answer,
img_0100.jpg,,,no_direct_identity_question,
img_0102.jpg,,,no_direct_identity_question,
img_0103.jpg,,,no_direct_identity_question,
img_0104.jpg,,,no_direct_identity_question,
img_0105.jpg,,,no_direct_identity_question,
img_0106.jpg,What does this traffic sign indicate?,Dircetion,unsupported_or_ambiguous_identity_answer,
img_0107.jpg,What does this traffic sign indicate?,Directions,unsupported_or_ambiguous_identity_answer,
img_0108.jpg,What does this traffic sign indicate?,Directions,unsupported_or_ambiguous_identity_answer,
img_0109.jpg,What does this traffic sign indicate?,Directions,unsupported_or_ambiguous_identity_answer,
img_0110.jpg,What does this traffic sign indicate?,Location of IndianOil Filling Station,unsupported_or_ambiguous_identity_answer,
img_0111.jpg,What does this traffic sign indicate?,Go slow,unsupported_or_ambiguous_identity_answer,
img_0112.jpg,What does this traffic sign indicate?,Steep Ascent,class_below_viability_threshold,steep_ascent
img_0113.jpg,What does this traffic sign indicate?,Location of IndianOil Filling Station,unsupported_or_ambiguous_identity_answer,
img_0114.jpg,What does this traffic sign indicate?,Dircetion,unsupported_or_ambiguous_identity_answer,
img_0115.jpg,What does this traffic sign indicate?,Dircetion,unsupported_or_ambiguous_identity_answer,
img_0116.jpg,What does this traffic sign indicate?,Dircetion,unsupported_or_ambiguous_identity_answer,
img_0117.jpg,What does this traffic sign indicate?,Directions,unsupported_or_ambiguous_identity_answer,
img_0118.jpg,What does this traffic sign indicate?,End of Dual Carriageway,unsupported_or_ambiguous_identity_answer,
img_0119.jpg,what does this traffic sign indicate?,Staggered Intersection,class_below_viability_threshold,staggered_junction
img_0120.jpg,What does this traffic sign indicate?,Intersection,unsupported_or_ambiguous_identity_answer,
img_0121.jpg,What does this traffic sign indicate?,Intersection,unsupported_or_ambiguous_identity_answer,
img_0122.jpg,What does this traffic sign indicate?,Accident black spot / Accident-prone area,unsupported_or_ambiguous_identity_answer,
img_0124.jpg,What does this traffic sign indicate?,Left reverse bend,unsupported_or_ambiguous_identity_answer,
img_0125.jpg,,,no_direct_identity_question,
img_0128.jpg,What does this traffic sign indicate?,Go straight,unsupported_or_ambiguous_identity_answer,
img_0129.jpg,What does this traffic sign indicate?,Road Closed,unsupported_or_ambiguous_identity_answer,
img_0132.jpg,What does this traffic sign indicate?,Narrow bridge,class_below_viability_threshold,narrow_bridge
img_0133.jpg,What does this traffic sign indicate?,Narrow bridge,class_below_viability_threshold,narrow_bridge
img_0134.jpg,What does this traffic sign indicate?,Directions,unsupported_or_ambiguous_identity_answer,
img_0137.jpg,What does this traffic sign indicate?,Start of Dual Carriageway,unsupported_or_ambiguous_identity_answer,
img_0139.jpg,What does this traffic sign indicate?,Directions,unsupported_or_ambiguous_identity_answer,
img_0142.jpg,What does this traffic sign indicate?,Temple Ahead,unsupported_or_ambiguous_identity_answer,
img_0146.jpg,What does this traffic sign indicate?,Hospital,unsupported_or_ambiguous_identity_answer,
img_0147.jpg,What does this traffic sign indicate?,No horn,class_below_viability_threshold,horn_prohibited
img_0149.jpg,what does this traffic sign indicate?,Speed,class_below_viability_threshold,maximum_speed_limit_20_km_h
img_0153.jpg,What does this traffic sign indicate?,Directions,unsupported_or_ambiguous_identity_answer,
img_0156.jpg,What does this traffic sign indicate?,Road-widening,unsupported_or_ambiguous_identity_answer,
img_0159.jpg,what does this traffic sign indicate?,Speed Limit,class_below_viability_threshold,maximum_speed_limit_60_km_h
img_0160.jpg,What does this traffic sign indicate?,Toilets and Drinking Water facilities ahead,unsupported_or_ambiguous_identity_answer,
img_0161.jpg,,,no_direct_identity_question,
img_0163.jpg,what does this traffic sign indicate?,Speed Limit,class_below_viability_threshold,maximum_speed_limit_60_km_h
img_0169.jpg,What does this traffic sign indicate?,Truck Lay-by,class_below_viability_threshold,truck_lay_by
img_0171.jpg,What does this traffic sign indicate?,Weigh Bridge ahead,unsupported_or_ambiguous_identity_answer,
img_0172.jpg,,,no_direct_identity_question,
img_0176.jpg,What does this traffic sign indicate?,Go slow,unsupported_or_ambiguous_identity_answer,
img_0179.jpg,,,no_direct_identity_question,
img_0182.jpg,,,no_direct_identity_question,
img_0184.jpg,What does this traffic sign indicate?,Directions,unsupported_or_ambiguous_identity_answer,
img_0192.jpg,What does this traffic sign indicate?,Highway,unsupported_or_ambiguous_identity_answer,
img_0195.jpg,what does this traffic sign indicate?,Right-turn,unsupported_or_ambiguous_identity_answer,
img_0197.jpg,what does this traffic sign indicate?,side road left,class_below_viability_threshold,side_road_left
img_0200.jpg,What does this traffic sign indicate?,Right reverse bend,unsupported_or_ambiguous_identity_answer,
img_0202.jpg,,,no_direct_identity_question,
img_0203.jpg,What does this traffic sign indicate?,No stopping,class_below_viability_threshold,no_stopping
img_0204.jpg,,,no_direct_identity_question,
img_0205.jpg,,,no_direct_identity_question,
img_0206.jpg,,,no_direct_identity_question,
img_0208.jpg,,,no_direct_identity_question,
img_0209.jpg,What does this traffic sign indicate?,Dircetion,unsupported_or_ambiguous_identity_answer,
img_0211.jpg,,,no_direct_identity_question,
img_0212.jpg,,,no_direct_identity_question,
img_0213.jpg,,,no_direct_identity_question,
img_0214.jpg,,,no_direct_identity_question,
img_0215.jpg,,,no_direct_identity_question,
img_0216.jpg,,,no_direct_identity_question,
img_0217.jpg,,,no_direct_identity_question,
img_0218.jpg,,,no_direct_identity_question,
img_0219.jpg,,,no_direct_identity_question,
img_0220.jpg,,,no_direct_identity_question,
img_0222.jpg,What does this traffic sign indicate?,Truck Lay-by,class_below_viability_threshold,truck_lay_by
img_0223.jpg,What does this traffic sign indicate?,Truck Lay-by,class_below_viability_threshold,truck_lay_by
img_0224.jpg,What does this traffic sign indicate?,Truck Lay-by,class_below_viability_threshold,truck_lay_by
img_0227.jpg,What does this traffic sign indicate?,Truck Lay-by,class_below_viability_threshold,truck_lay_by
img_0228.jpg,What does this traffic sign indicate?,Truck Lay-by,class_below_viability_threshold,truck_lay_by
img_0229.jpg,what does this traffic sign indicate?,Left-turn,unsupported_or_ambiguous_identity_answer,
img_0230.jpg,what does this traffic sign indicate?,Right-turn,unsupported_or_ambiguous_identity_answer,
img_0231.jpg,what does this traffic sign indicate?,Right-turn,unsupported_or_ambiguous_identity_answer,
img_0232.jpg,,,no_direct_identity_question,
img_0233.jpg,,,no_direct_identity_question,
img_0234.jpg,,,no_direct_identity_question,
img_0235.jpg,,,no_direct_identity_question,
img_0238.jpg,What does this traffic sign indicate?,No Overtaking,class_below_viability_threshold,no_overtaking
img_0239.jpg,What does this traffic sign indicate?,No Overtaking,class_below_viability_threshold,no_overtaking
img_0242.jpg,,,no_direct_identity_question,
img_0243.jpg,,,no_direct_identity_question,
img_0247.jpg,What does this traffic sign indicate?,No Overtaking,class_below_viability_threshold,no_overtaking
img_0248.jpg,What does this traffic sign indicate?,No Overtaking,class_below_viability_threshold,no_overtaking
img_0249.jpg,What does this traffic sign indicate?,Service Road Ahead,unsupported_or_ambiguous_identity_answer,
img_0250.jpg,What does this traffic sign indicate?,Service Road Ahead,unsupported_or_ambiguous_identity_answer,
img_0253.jpg,What does this traffic sign indicate?,Built-up,unsupported_or_ambiguous_identity_answer,
img_0254.jpg,What does this traffic sign indicate?,Dircetion,unsupported_or_ambiguous_identity_answer,
img_0255.jpg,What does this traffic sign indicate?,End of speed restriction,unsupported_or_ambiguous_identity_answer,
img_0261.jpg,what does this traffic sign indicate?,Left-turn,unsupported_or_ambiguous_identity_answer,
img_0262.jpg,What does this traffic sign indicate?,Added lane from left,unsupported_or_ambiguous_identity_answer,
img_0263.jpg,What does this traffic sign indicate?,Added lane from left,unsupported_or_ambiguous_identity_answer,
img_0264.jpg,What does this traffic sign indicate?,Danger,unsupported_or_ambiguous_identity_answer,
img_0266.jpg,What does this traffic sign indicate?,Directions,unsupported_or_ambiguous_identity_answer,
img_0267.jpg,What does this traffic sign indicate?,Dircetion,unsupported_or_ambiguous_identity_answer,
img_0268.jpg,What does this traffic sign indicate?,Directions,unsupported_or_ambiguous_identity_answer,
img_0269.jpg,What does this traffic sign indicate?,Dircetion,unsupported_or_ambiguous_identity_answer,
img_0270.jpg,What does this traffic sign indicate?,Directions,unsupported_or_ambiguous_identity_answer,
img_0271.jpg,What does this traffic sign indicate?,Directions,unsupported_or_ambiguous_identity_answer,
img_0272.jpg,What does this traffic sign indicate?,Intersection,unsupported_or_ambiguous_identity_answer,
img_0275.jpg,what does this traffic sign indicate?,Speed Limit,class_below_viability_threshold,maximum_speed_limit_60_km_h
img_0277.jpg,What does this traffic sign indicate?,Directions,unsupported_or_ambiguous_identity_answer,
img_0278.jpg,What does this traffic sign indicate?,Danger Zone,unsupported_or_ambiguous_identity_answer,
img_0283.jpg,What does this traffic sign indicate?,Boundary,unsupported_or_ambiguous_identity_answer,
img_0284.jpg,What does this traffic sign indicate?,Boundary,unsupported_or_ambiguous_identity_answer,
img_0285.jpg,What does this traffic sign indicate?,Directions,unsupported_or_ambiguous_identity_answer,
img_0286.jpg,What does this traffic sign indicate?,Height,unsupported_or_ambiguous_identity_answer,
img_0287.jpg,What does this traffic sign indicate?,Directions,unsupported_or_ambiguous_identity_answer,
img_0290.jpg,What does this traffic sign indicate?,Directions,unsupported_or_ambiguous_identity_answer,
img_0291.jpg,What does this traffic sign indicate?,Overhead cables,class_below_viability_threshold,overhead_cables
img_0292.jpg,What does this traffic sign indicate?,Cattle,class_below_viability_threshold,cattle
img_0293.jpg,What does this traffic sign indicate?,Directions,unsupported_or_ambiguous_identity_answer,
img_0294.jpg,What does this traffic sign indicate?,Directions,unsupported_or_ambiguous_identity_answer,
img_0295.jpg,,,no_direct_identity_question,
img_0296.jpg,What does this traffic sign indicate?,Dircetion,unsupported_or_ambiguous_identity_answer,
img_0297.jpg,What does this traffic sign indicate?,Directions,unsupported_or_ambiguous_identity_answer,
img_0298.jpg,What does this traffic sign indicate?,Service Road,unsupported_or_ambiguous_identity_answer,
img_0299.jpg,What does this traffic sign indicate?,Dircetion,unsupported_or_ambiguous_identity_answer,
img_0300.jpg,What does this traffic sign indicate?,Tourism,unsupported_or_ambiguous_identity_answer,
img_0302.jpg,What does this traffic sign indicate?,Dircetion,unsupported_or_ambiguous_identity_answer,
img_0303.jpg,What does this traffic sign indicate?,Truck Lay-by,class_below_viability_threshold,truck_lay_by
img_0304.jpg,What does this traffic sign indicate?,Dircetion,unsupported_or_ambiguous_identity_answer,
img_0305.jpg,What does this traffic sign indicate?,Directions,unsupported_or_ambiguous_identity_answer,
img_0306.jpg,What does this traffic sign indicate?,Directions,unsupported_or_ambiguous_identity_answer,
img_0309.jpg,What does this traffic sign indicate?,Start of Dual Carriageway,unsupported_or_ambiguous_identity_answer,
img_0311.jpg,What does this traffic sign indicate?,Junction,unsupported_or_ambiguous_identity_answer,
img_0318.jpg,what does this traffic sign indicate?,Left-turn,unsupported_or_ambiguous_identity_answer,
img_0319.jpg,what does this traffic sign indicate?,Right-turn,unsupported_or_ambiguous_identity_answer,
img_0326.jpg,,,no_direct_identity_question,
img_0327.jpg,what does this traffic sign indicate?,Left-turn,unsupported_or_ambiguous_identity_answer,
img_0329.jpg,,,no_direct_identity_question,
img_0330.jpg,,,no_direct_identity_question,
img_0338.jpg,,,no_direct_identity_question,
img_0339.jpg,,,no_direct_identity_question,
img_0340.jpg,,,no_direct_identity_question,
img_0343.jpg,What does this traffic sign indicate?,Road-widening,unsupported_or_ambiguous_identity_answer,
img_0345.jpg,what does this traffic sign indicate?,Right-turn,unsupported_or_ambiguous_identity_answer,
img_0348.jpg,,,no_direct_identity_question,
img_0356.jpg,,,no_direct_identity_question,
img_0357.jpg,What does this traffic sign indicate?,End of dual carriageway,unsupported_or_ambiguous_identity_answer,
img_0359.jpg,,,no_direct_identity_question,
img_0360.jpg,What does this traffic sign indicate?,Highway,unsupported_or_ambiguous_identity_answer,
img_0361.jpg,What does this traffic sign indicate?,Junction,unsupported_or_ambiguous_identity_answer,
img_0363.jpg,,,no_direct_identity_question,
img_0365.jpg,What does this traffic sign indicate?,Highway,unsupported_or_ambiguous_identity_answer,
img_0367.jpg,What does this traffic sign indicate?,Junction,unsupported_or_ambiguous_identity_answer,
img_0368.jpg,What does this traffic sign indicate?,Junction,unsupported_or_ambiguous_identity_answer,
img_0373.jpg,what does this traffic sign indicate?,Left-turn,unsupported_or_ambiguous_identity_answer,
img_0374.jpg,What does this traffic sign indicate?,Start of dual Carriageway,unsupported_or_ambiguous_identity_answer,
img_0375.jpg,what does this traffic sign indicate?,side road left,class_below_viability_threshold,side_road_left
img_0379.jpg,What does this traffic sign indicate?,Start of dual Carriageway,unsupported_or_ambiguous_identity_answer,
img_0381.jpg,what does this traffic sign indicate?,Left-turn,unsupported_or_ambiguous_identity_answer,
img_0384.jpg,,,no_direct_identity_question,
img_0385.jpg,What does this traffic sign indicate?,Highway,unsupported_or_ambiguous_identity_answer,
img_0388.jpg,,,no_direct_identity_question,
img_0392.jpg,What does this traffic sign indicate?,Junction,unsupported_or_ambiguous_identity_answer,
img_0396.jpg,what does this traffic sign indicate?,side road right,conflicting_labels_within_duplicate_group,side_road_right
img_0398.jpg,What does this traffic sign indicate?,End of dual Carriageway,unsupported_or_ambiguous_identity_answer,
img_0399.jpg,,,no_direct_identity_question,
img_0401.jpg,what does this traffic sign indicate?,Right-turn,unsupported_or_ambiguous_identity_answer,
img_0410.jpg,what does this traffic sign indicate?,side road left,conflicting_labels_within_duplicate_group,side_road_left
img_0411.jpg,what does this traffic sign indicate?,Right-turn,unsupported_or_ambiguous_identity_answer,
img_0414.jpg,,,no_direct_identity_question,
img_0416.jpg,What does this traffic sign indicate?,Road-widening,unsupported_or_ambiguous_identity_answer,
img_0417.jpg,,,no_direct_identity_question,
img_0418.jpg,what does this traffic sign indicate?,Left-turn,unsupported_or_ambiguous_identity_answer,
img_0419.jpg,what does this traffic sign indicate?,Right-turn,unsupported_or_ambiguous_identity_answer,
img_0426.jpg,,,no_direct_identity_question,
img_0427.jpg,what does this traffic sign indicate?,Left-turn,unsupported_or_ambiguous_identity_answer,
img_0428.jpg,what does this traffic sign indicate?,Right-turn,unsupported_or_ambiguous_identity_answer,
img_0437.jpg,what does this traffic sign indicate?,Right-turn,unsupported_or_ambiguous_identity_answer,
img_0440.jpg,,,no_direct_identity_question,
img_0442.jpg,What does this traffic sign indicate?,Junction,unsupported_or_ambiguous_identity_answer,
img_0450.jpg,what does this traffic sign indicate?,side road left,class_below_viability_threshold,side_road_left
img_0451.jpg,,,no_direct_identity_question,
img_0453.jpg,,,no_direct_identity_question,
img_0454.jpg,What does this traffic sign indicate?,Directions,unsupported_or_ambiguous_identity_answer,
img_0455.jpg,What does this traffic sign indicate?,Information,unsupported_or_ambiguous_identity_answer,
img_0456.jpg,What does this traffic sign indicate?,Directions,unsupported_or_ambiguous_identity_answer,
img_0457.jpg,What does this traffic sign indicate?,Directions,unsupported_or_ambiguous_identity_answer,
img_0458.jpg,What does this traffic sign indicate?,Directions,unsupported_or_ambiguous_identity_answer,
img_0459.jpg,What does this traffic sign indicate?,Toilets and Drinking Water facilities ahead,unsupported_or_ambiguous_identity_answer,
img_0462.jpg,What does this traffic sign indicate?,Dircetion,unsupported_or_ambiguous_identity_answer,
img_0463.jpg,What does this traffic sign indicate?,Directions,unsupported_or_ambiguous_identity_answer,
img_0464.jpg,What does this traffic sign indicate?,Overhead cables,class_below_viability_threshold,overhead_cables
img_0465.jpg,What does this traffic sign indicate?,Directions,unsupported_or_ambiguous_identity_answer,
img_0466.jpg,what does this traffic sign indicate?,Left-turn,unsupported_or_ambiguous_identity_answer,
img_0470.jpg,What does this traffic sign indicate?,Construction,unsupported_or_ambiguous_identity_answer,
img_0473.jpg,What does this traffic sign indicate?,Directions,unsupported_or_ambiguous_identity_answer,
img_0475.jpg,What does this traffic sign indicate?,Directions,unsupported_or_ambiguous_identity_answer,
img_0476.jpg,what does this traffic sign indicate?,Left-turn,unsupported_or_ambiguous_identity_answer,
img_0477.jpg,What does this traffic sign indicate?,Directions,unsupported_or_ambiguous_identity_answer,
img_0479.jpg,what does this traffic sign indicate?,Right-turn,unsupported_or_ambiguous_identity_answer,
img_0480.jpg,,,no_direct_identity_question,
img_0483.jpg,What does this traffic sign indicate?,Intersection,unsupported_or_ambiguous_identity_answer,
img_0484.jpg,What does this traffic sign indicate?,Assembly,unsupported_or_ambiguous_identity_answer,
img_0485.jpg,what does this traffic sign indicate?,Staggered Intersection,class_below_viability_threshold,staggered_junction
img_0488.jpg,what does this traffic sign indicate?,Speed Limit,class_below_viability_threshold,maximum_speed_limit_65_km_h
img_0489.jpg,What does this traffic sign indicate?,End of dual carriageway,unsupported_or_ambiguous_identity_answer,
img_0490.jpg,,,no_direct_identity_question,
img_0491.jpg,What does this traffic sign indicate?,Directions,unsupported_or_ambiguous_identity_answer,
img_0492.jpg,What does this traffic sign indicate?,Directions,unsupported_or_ambiguous_identity_answer,
img_0493.jpg,What does this traffic sign indicate?,Toilets and Drinking Water facilities ahead,unsupported_or_ambiguous_identity_answer,
img_0494.jpg,,,no_direct_identity_question,
img_0498.jpg,What does this traffic sign indicate?,Start of dual Carriageway,unsupported_or_ambiguous_identity_answer,
img_0499.jpg,What does this traffic sign indicate?,Junction,unsupported_or_ambiguous_identity_answer,
img_0502.jpg,What does this traffic sign indicate?,Junction,unsupported_or_ambiguous_identity_answer,
img_0504.jpg,What does this traffic sign indicate?,Dircetion,unsupported_or_ambiguous_identity_answer,
img_0506.jpg,What does this traffic sign indicate?,Directions,unsupported_or_ambiguous_identity_answer,
img_0507.jpg,What does this traffic sign indicate?,Directions,unsupported_or_ambiguous_identity_answer,
img_0510.jpg,What does this traffic sign indicate?,Accident black spot / Accident-prone area,unsupported_or_ambiguous_identity_answer,
img_0511.jpg,What does this traffic sign indicate?,Junction,unsupported_or_ambiguous_identity_answer,
img_0519.jpg,What does this traffic sign indicate?,Highway,unsupported_or_ambiguous_identity_answer,
img_0525.jpg,,,no_direct_identity_question,
img_0528.jpg,what does this traffic sign indicate?,Right-turn,unsupported_or_ambiguous_identity_answer,
img_0529.jpg,What does this traffic sign indicate?,Intersection,unsupported_or_ambiguous_identity_answer,
img_0531.jpg,,,no_direct_identity_question,
img_0532.jpg,What does this traffic sign indicate?,Surveillance,unsupported_or_ambiguous_identity_answer,
img_0538.jpg,What does this traffic sign indicate?,Toilets and Drinking Water facilities ahead,unsupported_or_ambiguous_identity_answer,
img_0540.jpg,What does this traffic sign indicate?,Directions,unsupported_or_ambiguous_identity_answer,
img_0541.jpg,What does this traffic sign indicate?,Intersection,unsupported_or_ambiguous_identity_answer,
img_0543.jpg,,,no_direct_identity_question,
img_0547.jpg,What does this traffic sign indicate?,Intersection,unsupported_or_ambiguous_identity_answer,
img_0548.jpg,What does this traffic sign indicate?,Left reverse bend,unsupported_or_ambiguous_identity_answer,
img_0549.jpg,What does this traffic sign indicate?,Road-widening,unsupported_or_ambiguous_identity_answer,
img_0554.jpg,,,no_direct_identity_question,
img_0556.jpg,What does this traffic sign indicate?,T-intersection,class_below_viability_threshold,t_junction
img_0560.jpg,What does this traffic sign indicate?,Narrow bridge,class_below_viability_threshold,narrow_bridge
img_0561.jpg,What does this traffic sign indicate?,Junction,unsupported_or_ambiguous_identity_answer,
img_0563.jpg,What does this traffic sign indicate?,Left,unsupported_or_ambiguous_identity_answer,
img_0568.jpg,What does this traffic sign indicate?,Highway,unsupported_or_ambiguous_identity_answer,
img_0569.jpg,What does this traffic sign indicate?,Go Slow,unsupported_or_ambiguous_identity_answer,
img_0570.jpg,What does this traffic sign indicate?,End of dual Carriageway,unsupported_or_ambiguous_identity_answer,
img_0574.jpg,what does this traffic sign indicate?,Staggered Intersection,class_below_viability_threshold,staggered_junction
img_0575.jpg,,,no_direct_identity_question,
img_0579.jpg,What does this traffic sign indicate?,No left Turn,class_below_viability_threshold,no_left_turn
img_0580.jpg,What does this traffic sign indicate?,Accident black spot / Accident-prone area,unsupported_or_ambiguous_identity_answer,
img_0583.jpg,What does this traffic sign indicate?,Danger/Hazard,unsupported_or_ambiguous_identity_answer,
img_0586.jpg,,,no_direct_identity_question,
img_0587.jpg,,,no_direct_identity_question,
img_0590.jpg,,,no_direct_identity_question,
img_0594.jpg,What does this traffic sign indicate?,CCTV,unsupported_or_ambiguous_identity_answer,
img_0595.jpg,What does this traffic sign indicate?,Junction,unsupported_or_ambiguous_identity_answer,
img_0600.jpg,What does this traffic sign indicate?,Left reverse bend,unsupported_or_ambiguous_identity_answer,
img_0601.jpg,what does this traffic sign indicate?,Right-turn,unsupported_or_ambiguous_identity_answer,
img_0602.jpg,What does this traffic sign indicate?,Toilets and Drinking Water facilities ahead,unsupported_or_ambiguous_identity_answer,
img_0604.jpg,What does this traffic sign indicate?,Junction,unsupported_or_ambiguous_identity_answer,
img_0605.jpg,What does this traffic sign indicate?,Railway,unsupported_or_ambiguous_identity_answer,
img_0606.jpg,What does this traffic sign indicate?,Start of dual carriageway,unsupported_or_ambiguous_identity_answer,
img_0608.jpg,What does this traffic sign indicate?,Intersection,unsupported_or_ambiguous_identity_answer,
img_0614.jpg,,,no_direct_identity_question,
img_0615.jpg,What does this traffic sign indicate?,Road-narrowing,unsupported_or_ambiguous_identity_answer,
img_0616.jpg,What does this traffic sign indicate?,Right reverse bend,unsupported_or_ambiguous_identity_answer,
img_0618.jpg,What does this traffic sign indicate?,Danger,unsupported_or_ambiguous_identity_answer,
img_0627.jpg,What does this traffic sign indicate?,Junction,unsupported_or_ambiguous_identity_answer,
img_0628.jpg,,,no_direct_identity_question,
img_0633.jpg,what does this traffic sign indicate?,Speed Limit,class_below_viability_threshold,maximum_speed_limit_60_km_h
img_0634.jpg,What does this traffic sign indicate?,Directions,unsupported_or_ambiguous_identity_answer,
img_0636.jpg,What does this traffic sign indicate?,Junction,unsupported_or_ambiguous_identity_answer,
img_0637.jpg,,,no_direct_identity_question,
img_0639.jpg,,,no_direct_identity_question,
img_0643.jpg,what does this traffic sign indicate?,Right-turn,unsupported_or_ambiguous_identity_answer,
img_0645.jpg,What does this traffic sign indicate?,Directions,unsupported_or_ambiguous_identity_answer,
img_0647.jpg,What does this traffic sign indicate?,Highway,unsupported_or_ambiguous_identity_answer,
img_0648.jpg,What does this traffic sign indicate?,Accident Prone Area,unsupported_or_ambiguous_identity_answer,
img_0649.jpg,What does this traffic sign indicate?,Truck Lay-by,class_below_viability_threshold,truck_lay_by
img_0652.jpg,what does this traffic sign indicate?,Speed Limit,class_below_viability_threshold,maximum_speed_limit_20_km_h
img_0654.jpg,What does this traffic sign indicate?,Dircetion,unsupported_or_ambiguous_identity_answer,
img_0656.jpg,,,no_direct_identity_question,
img_0658.jpg,What does this traffic sign indicate?,Narrow bridge,class_below_viability_threshold,narrow_bridge
img_0661.jpg,,,no_direct_identity_question,
img_0664.jpg,What does this traffic sign indicate?,Directions,unsupported_or_ambiguous_identity_answer,
img_0669.jpg,What does this traffic sign indicate?,Highway,unsupported_or_ambiguous_identity_answer,
img_0675.jpg,what does this traffic sign indicate?,Right-turn,unsupported_or_ambiguous_identity_answer,
img_0678.jpg,What does this traffic sign indicate?,No Straight Ahead,unsupported_or_ambiguous_identity_answer,
img_0680.jpg,,,no_direct_identity_question,
img_0682.jpg,,,no_direct_identity_question,
img_0683.jpg,What does this traffic sign indicate?,Truck Lay-by,class_below_viability_threshold,truck_lay_by
img_0684.jpg,What does this traffic sign indicate?,Directions,unsupported_or_ambiguous_identity_answer,
img_0686.jpg,What does this traffic sign indicate?,Directions,unsupported_or_ambiguous_identity_answer,
img_0689.jpg,,,no_direct_identity_question,
img_0690.jpg,what does this traffic sign indicate?,Right-turn,unsupported_or_ambiguous_identity_answer,
img_0692.jpg,What does this traffic sign indicate?,Weigh Bridge ahead,unsupported_or_ambiguous_identity_answer,
img_0697.jpg,What does this traffic sign indicate?,Directions,unsupported_or_ambiguous_identity_answer,
img_0698.jpg,,,no_direct_identity_question,
img_0702.jpg,What does this traffic sign indicate?,Hazard Mraker,unsupported_or_ambiguous_identity_answer,
img_0706.jpg,what does this traffic sign indicate?,Right-turn,unsupported_or_ambiguous_identity_answer,
img_0707.jpg,what does this traffic sign indicate?,Speed Limit,class_below_viability_threshold,maximum_speed_limit_65_km_h
img_0710.jpg,What does this traffic sign indicate?,End of dual Carriageway,unsupported_or_ambiguous_identity_answer,
img_0713.jpg,What does this traffic sign indicate?,Directions,unsupported_or_ambiguous_identity_answer,
img_0715.jpg,what does this traffic sign indicate?,Speed Limit,class_below_viability_threshold,maximum_speed_limit_20_km_h
img_0717.jpg,What does this traffic sign indicate?,T-intersection,class_below_viability_threshold,t_junction
img_0718.jpg,What does this traffic sign indicate?,Directions,unsupported_or_ambiguous_identity_answer,
img_0719.jpg,What does this traffic sign indicate?,T-intersection,class_below_viability_threshold,t_junction
img_0720.jpg,What does this traffic sign indicate?,Directions,unsupported_or_ambiguous_identity_answer,
img_0721.jpg,What does this traffic sign indicate?,T-intersection,class_below_viability_threshold,t_junction
img_0722.jpg,What does this traffic sign indicate?,Hospital,unsupported_or_ambiguous_identity_answer,
img_0724.jpg,What does this traffic sign indicate?,Go Slow,unsupported_or_ambiguous_identity_answer,
img_0725.jpg,What does this traffic sign indicate?,T-intersection,class_below_viability_threshold,t_junction
img_0726.jpg,What does this traffic sign indicate?,Directions,unsupported_or_ambiguous_identity_answer,
img_0728.jpg,What does this traffic sign indicate?,Hazard Mraker,unsupported_or_ambiguous_identity_answer,
img_0731.jpg,,,no_direct_identity_question,
img_0732.jpg,What does this traffic sign indicate?,Directions,unsupported_or_ambiguous_identity_answer,
img_0734.jpg,What does this traffic sign indicate?,Slow,unsupported_or_ambiguous_identity_answer,
img_0735.jpg,what does this traffic sign indicate?,Left-turn,unsupported_or_ambiguous_identity_answer,
img_0736.jpg,What does this traffic sign indicate?,Directions,unsupported_or_ambiguous_identity_answer,
img_0737.jpg,What does this traffic sign indicate?,Restaurant,class_below_viability_threshold,restaurant
img_0738.jpg,What does this traffic sign indicate?,Restaurant,class_below_viability_threshold,restaurant
img_0739.jpg,What does this traffic sign indicate?,Hazard Mraker,unsupported_or_ambiguous_identity_answer,
img_0740.jpg,What does this traffic sign indicate?,Directions,unsupported_or_ambiguous_identity_answer,
img_0742.jpg,What does this traffic sign indicate?,Directions,unsupported_or_ambiguous_identity_answer,
img_0743.jpg,what does this traffic sign indicate?,Left-turn,unsupported_or_ambiguous_identity_answer,
img_0744.jpg,what does this traffic sign indicate?,Right-turn,unsupported_or_ambiguous_identity_answer,
img_0745.jpg,What does this traffic sign indicate?,Slow,unsupported_or_ambiguous_identity_answer,
img_0746.jpg,What does this traffic sign indicate?,Directions,unsupported_or_ambiguous_identity_answer,
img_0747.jpg,what does this traffic sign indicate?,Right-turn,unsupported_or_ambiguous_identity_answer,
img_0749.jpg,what does this traffic sign indicate?,Right-turn,unsupported_or_ambiguous_identity_answer,
img_0750.jpg,What does this traffic sign indicate?,T-intersection,class_below_viability_threshold,t_junction
img_0752.jpg,What does this traffic sign indicate?,Restaurant,class_below_viability_threshold,restaurant
img_0754.jpg,What does this traffic sign indicate?,Directions,unsupported_or_ambiguous_identity_answer,
img_0755.jpg,what does this traffic sign indicate?,Left-turn,unsupported_or_ambiguous_identity_answer,
img_0756.jpg,what does this traffic sign indicate?,Left-turn,unsupported_or_ambiguous_identity_answer,
img_0757.jpg,what does this traffic sign indicate?,Right-turn,unsupported_or_ambiguous_identity_answer,
img_0758.jpg,What does this traffic sign indicate?,Slow,unsupported_or_ambiguous_identity_answer,
img_0759.jpg,What does this traffic sign indicate?,Directions,unsupported_or_ambiguous_identity_answer,
img_0760.jpg,What does this traffic sign indicate?,Hostel,unsupported_or_ambiguous_identity_answer,
img_0761.jpg,,,no_direct_identity_question,
img_0765.jpg,What does this traffic sign indicate?,T-intersection,class_below_viability_threshold,t_junction
img_0769.jpg,what does this traffic sign indicate?,Speed Limit,class_below_viability_threshold,maximum_speed_limit_20_km_h
img_0770.jpg,What does this traffic sign indicate?,Temple Ahead,unsupported_or_ambiguous_identity_answer,
img_0771.jpg,What does this traffic sign indicate?,Directions,unsupported_or_ambiguous_identity_answer,
img_0772.jpg,What does this traffic sign indicate?,Boundary,unsupported_or_ambiguous_identity_answer,
img_0773.jpg,What does this traffic sign indicate?,Directions,unsupported_or_ambiguous_identity_answer,
img_0774.jpg,What does this traffic sign indicate?,Location,unsupported_or_ambiguous_identity_answer,
img_0775.jpg,What does this traffic sign indicate?,Location,unsupported_or_ambiguous_identity_answer,
img_0776.jpg,What does this traffic sign indicate?,Curve,unsupported_or_ambiguous_identity_answer,
img_0778.jpg,What does this traffic sign indicate?,Milestone,unsupported_or_ambiguous_identity_answer,
img_0779.jpg,What does this traffic sign indicate?,Milestone,unsupported_or_ambiguous_identity_answer,
img_0782.jpg,What does this traffic sign indicate?,Directions,unsupported_or_ambiguous_identity_answer,
img_0783.jpg,What does this traffic sign indicate?,Directions,unsupported_or_ambiguous_identity_answer,
img_0784.jpg,What does this traffic sign indicate?,Directions,unsupported_or_ambiguous_identity_answer,
img_0786.jpg,What does this traffic sign indicate?,No Parking,class_below_viability_threshold,no_parking
img_0787.jpg,What does this traffic sign indicate?,Tourism,unsupported_or_ambiguous_identity_answer,
img_0788.jpg,What does this traffic sign indicate?,Bus Stop,class_below_viability_threshold,bus_stop
img_0790.jpg,What does this traffic sign indicate?,Toilet Facility ahead,unsupported_or_ambiguous_identity_answer,
img_0796.jpg,What does this traffic sign indicate?,Junction,unsupported_or_ambiguous_identity_answer,
img_0797.jpg,What does this traffic sign indicate?,Junction,unsupported_or_ambiguous_identity_answer,
img_0798.jpg,what does this traffic sign indicate?,Right-turn,unsupported_or_ambiguous_identity_answer,
img_0799.jpg,What does this traffic sign indicate?,Hazard Mraker,unsupported_or_ambiguous_identity_answer,
img_0800.jpg,What does this traffic sign indicate?,Unguarded Railway Crossing,class_below_viability_threshold,unguarded_level_crossing
img_0801.jpg,What does this traffic sign indicate?,Unguarded Railway Crossing,class_below_viability_threshold,unguarded_level_crossing
img_0804.jpg,What does this traffic sign indicate?,Directions,unsupported_or_ambiguous_identity_answer,
img_0805.jpg,,,no_direct_identity_question,
img_0806.jpg,What does this traffic sign indicate?,Directions,unsupported_or_ambiguous_identity_answer,
img_0807.jpg,What does this traffic sign indicate?,Directions,unsupported_or_ambiguous_identity_answer,
img_0808.jpg,,,no_direct_identity_question,
img_0809.jpg,,,no_direct_identity_question,
img_0811.jpg,,,no_direct_identity_question,
img_0812.jpg,What does this traffic sign indicate?,No Parking,class_below_viability_threshold,no_parking
img_0813.jpg,What does this traffic sign indicate?,Directions,unsupported_or_ambiguous_identity_answer,
img_0814.jpg,,,no_direct_identity_question,
img_0816.jpg,What does this traffic sign indicate?,No Parking,class_below_viability_threshold,no_parking
img_0817.jpg,What does this traffic sign indicate?,Unguarded Railway Crossing,class_below_viability_threshold,unguarded_level_crossing
img_0819.jpg,,,no_direct_identity_question,
img_0820.jpg,,,no_direct_identity_question,
img_0821.jpg,,,no_direct_identity_question,
img_0823.jpg,,,no_direct_identity_question,
img_0826.jpg,,,no_direct_identity_question,
img_0827.jpg,what does this traffic sign indicate?,Side road left,class_below_viability_threshold,side_road_left
img_0828.jpg,,,no_direct_identity_question,
img_0829.jpg,What does this traffic sign indicate?,Go Slow,unsupported_or_ambiguous_identity_answer,
img_0831.jpg,What does this traffic sign indicate?,Narrow bridge,class_below_viability_threshold,narrow_bridge
img_0832.jpg,What does this traffic sign indicate?,Narrow bridge,class_below_viability_threshold,narrow_bridge
img_0834.jpg,,,no_direct_identity_question,
img_0835.jpg,,,no_direct_identity_question,
img_0837.jpg,,,no_direct_identity_question,
img_0841.jpg,What does this traffic sign indicate?,Accident Prone Area,unsupported_or_ambiguous_identity_answer,
img_0843.jpg,What does this traffic sign indicate?,Series of bends,unsupported_or_ambiguous_identity_answer,
img_0844.jpg,what does this traffic sign indicate?,Right-turn,unsupported_or_ambiguous_identity_answer,
img_0846.jpg,What does this traffic sign indicate?,Go Slow,unsupported_or_ambiguous_identity_answer,
img_0849.jpg,What does this traffic sign indicate?,Restriction,unsupported_or_ambiguous_identity_answer,
img_0854.jpg,What does this traffic sign indicate?,Cleanliness,unsupported_or_ambiguous_identity_answer,
img_0856.jpg,what does this traffic sign indicate?,Right-turn,unsupported_or_ambiguous_identity_answer,
img_0857.jpg,What does this traffic sign indicate?,Series of bends,unsupported_or_ambiguous_identity_answer,
img_0858.jpg,what does this traffic sign indicate?,Right-turn,unsupported_or_ambiguous_identity_answer,
img_0864.jpg,what does this traffic sign indicate?,side road left,class_below_viability_threshold,side_road_left
img_0867.jpg,,,no_direct_identity_question,
img_0868.jpg,,,no_direct_identity_question,
img_0869.jpg,,,no_direct_identity_question,
img_0871.jpg,,,no_direct_identity_question,
img_0872.jpg,,,no_direct_identity_question,
img_0873.jpg,What does this traffic sign indicate?,End of dual Carriageway,unsupported_or_ambiguous_identity_answer,
img_0876.jpg,What does this traffic sign indicate?,Highway,unsupported_or_ambiguous_identity_answer,
img_0879.jpg,,,no_direct_identity_question,
img_0880.jpg,,,no_direct_identity_question,
img_0885.jpg,What does this traffic sign indicate?,Junction,unsupported_or_ambiguous_identity_answer,
img_0893.jpg,what does this traffic sign indicate?,Right-turn,unsupported_or_ambiguous_identity_answer,
img_0894.jpg,what does this traffic sign indicate?,Right-turn,unsupported_or_ambiguous_identity_answer,
img_0895.jpg,what does this traffic sign indicate?,Staggered Intersection,class_below_viability_threshold,staggered_junction
img_0896.jpg,what does this traffic sign indicate?,Staggered Intersection,class_below_viability_threshold,staggered_junction
img_0897.jpg,,,no_direct_identity_question,
img_0898.jpg,,,no_direct_identity_question,
img_0899.jpg,What does this traffic sign indicate?,Intersection,unsupported_or_ambiguous_identity_answer,
img_0900.jpg,What does this traffic sign indicate?,Intersection,unsupported_or_ambiguous_identity_answer,
img_0903.jpg,What does this traffic sign indicate?,Accident black spot / Accident-prone area,unsupported_or_ambiguous_identity_answer,
img_0904.jpg,What does this traffic sign indicate?,Accident black spot / Accident-prone area,unsupported_or_ambiguous_identity_answer,
img_0905.jpg,What does this traffic sign indicate?,Directions,unsupported_or_ambiguous_identity_answer,
img_0906.jpg,What does this traffic sign indicate?,Directions,unsupported_or_ambiguous_identity_answer,
img_0911.jpg,What does this traffic sign indicate?,Keep Left,class_below_viability_threshold,keep_left
img_0913.jpg,,,no_direct_identity_question,
img_0914.jpg,,,no_direct_identity_question,
img_0915.jpg,,,no_direct_identity_question,
img_0916.jpg,,,no_direct_identity_question,
img_0921.jpg,What does this traffic sign indicate?,Toilets and Drinking Water facilities ahead,unsupported_or_ambiguous_identity_answer,
img_0922.jpg,What does this traffic sign indicate?,Toilets and Drinking Water facilities ahead,unsupported_or_ambiguous_identity_answer,
img_0926.jpg,What does this traffic sign indicate?,Toilets and Drinking Water facilities ahead,unsupported_or_ambiguous_identity_answer,
img_0930.jpg,What does this traffic sign indicate?,Construction,unsupported_or_ambiguous_identity_answer,
img_0931.jpg,What does this traffic sign indicate?,Construction,unsupported_or_ambiguous_identity_answer,
img_0932.jpg,,,no_direct_identity_question,
img_0933.jpg,,,no_direct_identity_question,
img_0935.jpg,What does this traffic sign indicate?,Directions,unsupported_or_ambiguous_identity_answer,
img_0936.jpg,,,no_direct_identity_question,
img_0939.jpg,What does this traffic sign indicate?,Location,unsupported_or_ambiguous_identity_answer,
img_0940.jpg,What does this traffic sign indicate?,Directions,unsupported_or_ambiguous_identity_answer,
img_0941.jpg,,,no_direct_identity_question,
img_0942.jpg,what does this traffic sign indicate?,Speed Limit,class_below_viability_threshold,maximum_speed_limit_20_km_h
img_0954.jpg,,,no_direct_identity_question,
img_0958.jpg,What does this traffic sign indicate?,Accident Prone Zone,unsupported_or_ambiguous_identity_answer,
img_0959.jpg,What does this traffic sign indicate?,Restriction,unsupported_or_ambiguous_identity_answer,
img_0960.jpg,What does this traffic sign indicate?,Accident Prone Zone,unsupported_or_ambiguous_identity_answer,
img_0961.jpg,What does this traffic sign indicate?,Height,unsupported_or_ambiguous_identity_answer,
img_0962.jpg,What does this traffic sign indicate?,Accident Prone Zone,unsupported_or_ambiguous_identity_answer,
img_0965.jpg,what does this traffic sign indicate?,Side road left,class_below_viability_threshold,side_road_left
img_0967.jpg,What does this traffic sign indicate?,Accident Prone area,unsupported_or_ambiguous_identity_answer,
img_0968.jpg,What does this traffic sign indicate?,added lane from left,unsupported_or_ambiguous_identity_answer,
img_0969.jpg,,,no_direct_identity_question,
img_0970.jpg,What does this traffic sign indicate?,No Parking,class_below_viability_threshold,no_parking
img_0971.jpg,,,no_direct_identity_question,
img_0975.jpg,What does this traffic sign indicate?,Overhead cables,class_below_viability_threshold,overhead_cables
img_0979.jpg,,,no_direct_identity_question,
img_0980.jpg,what does this traffic sign indicate?,side road left,class_below_viability_threshold,side_road_left
img_0981.jpg,what does this traffic sign indicate?,side road left,class_below_viability_threshold,side_road_left
img_0983.jpg,What does this traffic sign indicate?,Intersection,unsupported_or_ambiguous_identity_answer,
img_0992.jpg,What does this traffic sign indicate?,Intersection,unsupported_or_ambiguous_identity_answer,
img_0993.jpg,What does this traffic sign indicate?,Junction,unsupported_or_ambiguous_identity_answer,
img_0996.jpg,What does this traffic sign indicate?,Junction,unsupported_or_ambiguous_identity_answer,
img_0998.jpg,What does this traffic sign indicate?,No stopping,class_below_viability_threshold,no_stopping
img_0999.jpg,What does this traffic sign indicate?,No Waiting,unsupported_or_ambiguous_identity_answer,
img_1000.jpg,What does this traffic sign indicate?,No Waiting,unsupported_or_ambiguous_identity_answer,
img_1003.jpg,What does this traffic sign indicate?,Lane closure,unsupported_or_ambiguous_identity_answer,
img_1005.jpg,what does this traffic sign indicate?,Speed Limit,class_below_viability_threshold,maximum_speed_limit_60_km_h
img_1008.jpg,What does this traffic sign indicate?,No Overtaking,class_below_viability_threshold,no_overtaking
img_1009.jpg,what does this traffic sign indicate?,Right-turn,unsupported_or_ambiguous_identity_answer,
img_1010.jpg,what does this traffic sign indicate?,Right-turn,unsupported_or_ambiguous_identity_answer,
img_1011.jpg,what does this traffic sign indicate?,Right-turn,unsupported_or_ambiguous_identity_answer,
img_1012.jpg,What does this traffic sign indicate?,road-widening ahead,unsupported_or_ambiguous_identity_answer,
img_1013.jpg,What does this traffic sign indicate?,Narrow bridge,class_below_viability_threshold,narrow_bridge
img_1015.jpg,What does this traffic sign indicate?,added lane from left,unsupported_or_ambiguous_identity_answer,
img_1016.jpg,What does this traffic sign indicate?,No Parking,class_below_viability_threshold,no_parking
img_1017.jpg,What does this traffic sign indicate?,Narrow bridge,class_below_viability_threshold,narrow_bridge
img_1018.jpg,What does this traffic sign indicate?,No Overtaking,class_below_viability_threshold,no_overtaking
img_1019.jpg,What does this traffic sign indicate?,Service Road,unsupported_or_ambiguous_identity_answer,
img_1021.jpg,What does this traffic sign indicate?,No left turn,class_below_viability_threshold,no_left_turn
img_1023.jpg,what does this traffic sign indicate?,Speed Limit,class_below_viability_threshold,maximum_speed_limit_60_km_h
img_1024.jpg,what does this traffic sign indicate?,Speed Limit,class_below_viability_threshold,maximum_speed_limit_50_km_h
img_1027.jpg,What does this traffic sign indicate?,Bus Stop,class_below_viability_threshold,bus_stop
img_1029.jpg,What does this traffic sign indicate?,No Overtaking,class_below_viability_threshold,no_overtaking
img_1030.jpg,What does this traffic sign indicate?,Keep Right,class_below_viability_threshold,keep_right
img_1032.jpg,What does this traffic sign indicate?,Go Slow,unsupported_or_ambiguous_identity_answer,
img_1034.jpg,What does this traffic sign indicate?,Overhead cables,class_below_viability_threshold,overhead_cables
img_1035.jpg,what does this traffic sign indicate?,Speed Limit,class_below_viability_threshold,maximum_speed_limit_50_km_h
img_1037.jpg,what does this traffic sign indicate?,Speed Limit,class_below_viability_threshold,maximum_speed_limit_20_km_h
img_1040.jpg,,,no_direct_identity_question,
img_1042.jpg,What does this traffic sign indicate?,Service Road,unsupported_or_ambiguous_identity_answer,
img_1043.jpg,What does this traffic sign indicate?,Junction,unsupported_or_ambiguous_identity_answer,
img_1044.jpg,What does this traffic sign indicate?,Go Slow,unsupported_or_ambiguous_identity_answer,
img_1046.jpg,What does this traffic sign indicate?,No Parking,class_below_viability_threshold,no_parking
img_1049.jpg,What does this traffic sign indicate?,Overhead cables,class_below_viability_threshold,overhead_cables
img_1053.jpg,What does this traffic sign indicate?,Keep left,class_below_viability_threshold,keep_left
img_1054.jpg,,,no_direct_identity_question,
img_1058.jpg,,,no_direct_identity_question,
img_1059.jpg,What does this traffic sign indicate?,Junction,unsupported_or_ambiguous_identity_answer,
img_1063.jpg,,,no_direct_identity_question,
img_1065.jpg,What does this traffic sign indicate?,Junction,unsupported_or_ambiguous_identity_answer,
img_1067.jpg,,,no_direct_identity_question,
img_1068.jpg,What does this traffic sign indicate?,Hazard Mraker,unsupported_or_ambiguous_identity_answer,
img_1070.jpg,What does this traffic sign indicate?,Highway,unsupported_or_ambiguous_identity_answer,
img_1071.jpg,what does this traffic sign indicate?,Right-turn,unsupported_or_ambiguous_identity_answer,
img_1078.jpg,,,no_direct_identity_question,
img_1079.jpg,,,no_direct_identity_question,
img_1082.jpg,What does this traffic sign indicate?,End of speed restriction,unsupported_or_ambiguous_identity_answer,
img_1083.jpg,,,no_direct_identity_question,
img_1084.jpg,,,no_direct_identity_question,
